"","line","yield","location","set"
"1","ANTIGO",104.2027,"was","2017"
"2","BADGER",117.1273,"was","2017"
"3","BETAGENE",111.7053,"was","2017"
"4","COLT",105.0364,"was","2017"
"5","CS_CAMDEN",122.8759,"was","2017"
"6","DEON",100.0346,"was","2017"
"7","ESKER",118.0409,"was","2017"
"8","GOLIATH",119.7081,"was","2017"
"9","HAYDEN",112.1255,"was","2017"
"10","HORSEPOWER",76.3598,"was","2017"
"11","JURY",80.8613,"was","2017"
"12","MN11139",119.2079,"was","2017"
"13","MN11211",122.0423,"was","2017"
"14","MNBT1020-1",117.8741,"was","2017"
"15","MNBT1021-1",135.2135,"was","2017"
"16","MNBT1021-2",132.1423,"was","2017"
"17","NATTY",118.541,"was","2017"
"18","NEWBURG",81.4849,"was","2017"
"19","REINS",114.7064,"was","2017"
"20","ROCKFORD",73.3587,"was","2017"
"21","RON",122.7091,"was","2017"
"22","SABER",120.3784,"was","2017"
"23","SD120296",113.2059,"was","2017"
"24","SHELBY_427",85.8515,"was","2017"
"25","SOURIS",85.0294,"was","2017"
"26","STREAKER",70.6911,"was","2017"
"27","SUMO",93.6991,"was","2017"
"28","mean",106.452348148148,"was","2017"
"29","lsd0.1",12.30216,"was","2017"
"30","ANTIGO",131.2246,"lam","2017"
"31","BADGER",134.4084,"lam","2017"
"32","BETAGENE",159.2063,"lam","2017"
"33","COLT",121.7038,"lam","2017"
"34","CS_CAMDEN",177.98,"lam","2017"
"35","DEON",187.9254,"lam","2017"
"36","ESKER",156.443,"lam","2017"
"37","GOLIATH",149.8823,"lam","2017"
"38","HAYDEN",162.2506,"lam","2017"
"39","HORSEPOWER",138.5625,"lam","2017"
"40","JURY",147.478,"lam","2017"
"41","MN11139",167.1852,"lam","2017"
"42","MN11211",152.2476,"lam","2017"
"43","MNBT1020-1",170.6178,"lam","2017"
"44","MNBT1021-1",164.2014,"lam","2017"
"45","MNBT1021-2",157.9562,"lam","2017"
"46","NATTY",144.5736,"lam","2017"
"47","NEWBURG",145.7885,"lam","2017"
"48","REINS",131.4834,"lam","2017"
"49","ROCKFORD",149.5102,"lam","2017"
"50","RON",147.8375,"lam","2017"
"51","SABER",160.7419,"lam","2017"
"52","SD120296",153.8149,"lam","2017"
"53","SHELBY_427",126.7084,"lam","2017"
"54","SOURIS",142.4131,"lam","2017"
"55","STREAKER",119.4025,"lam","2017"
"56","SUMO",120.195,"lam","2017"
"57","mean",148.953411111111,"lam","2017"
"58","lsd0.1",16.74315,"lam","2017"
"59","ANTIGO",114.9721,"mos","2017"
"60","BADGER",127.2429,"mos","2017"
"61","BETAGENE",160.8542,"mos","2017"
"62","COLT",68.8232,"mos","2017"
"63","CS_CAMDEN",141.9145,"mos","2017"
"64","DEON",133.9118,"mos","2017"
"65","ESKER",121.641,"mos","2017"
"66","GOLIATH",77.3594,"mos","2017"
"67","HAYDEN",138.1529,"mos","2017"
"68","HORSEPOWER",105.6483,"mos","2017"
"69","JURY",116.3059,"mos","2017"
"70","MN11139",137.3796,"mos","2017"
"71","MN11211",115.7724,"mos","2017"
"72","MNBT1020-1",136.527,"mos","2017"
"73","MNBT1021-1",151.6638,"mos","2017"
"74","MNBT1021-2",97.1333,"mos","2017"
"75","NATTY",106.3168,"mos","2017"
"76","NEWBURG",129.6437,"mos","2017"
"77","REINS",119.5212,"mos","2017"
"78","ROCKFORD",130.9775,"mos","2017"
"79","RON",144.5821,"mos","2017"
"80","SABER",144.5551,"mos","2017"
"81","SD120296",88.2964,"mos","2017"
"82","SHELBY_427",125.3756,"mos","2017"
"83","SOURIS",117.3729,"mos","2017"
"84","STREAKER",108.5699,"mos","2017"
"85","SUMO",120.0405,"mos","2017"
"86","mean",121.502,"mos","2017"
"87","lsd0.1",44.98639,"mos","2017"
"88","ANTIGO",95.3655,"crk","2017"
"89","BADGER",109.2035,"crk","2017"
"90","BETAGENE",121.3743,"crk","2017"
"91","COLT",101.8677,"crk","2017"
"92","CS_CAMDEN",117.8731,"crk","2017"
"93","DEON",113.0381,"crk","2017"
"94","ESKER",114.0384,"crk","2017"
"95","GOLIATH",103.7016,"crk","2017"
"96","HAYDEN",122.2079,"crk","2017"
"97","HORSEPOWER",113.2048,"crk","2017"
"98","JURY",114.2052,"crk","2017"
"99","MN11139",109.8704,"crk","2017"
"100","MN11211",114.3719,"crk","2017"
"101","MNBT1020-1",115.3722,"crk","2017"
"102","MNBT1021-1",106.8694,"crk","2017"
"103","MNBT1021-2",99.3668,"crk","2017"
"104","NATTY",118.2065,"crk","2017"
"105","NEWBURG",109.7037,"crk","2017"
"106","REINS",109.2035,"crk","2017"
"107","ROCKFORD",103.5349,"crk","2017"
"108","RON",117.2062,"crk","2017"
"109","SABER",104.8687,"crk","2017"
"110","SD120296",112.7047,"crk","2017"
"111","SHELBY_427",111.871,"crk","2017"
"112","SOURIS",111.5376,"crk","2017"
"113","STREAKER",79.8603,"crk","2017"
"114","SUMO",96.3658,"crk","2017"
"115","mean",109.147914814815,"crk","2017"
"116","lsd0.1",11.37221,"crk","2017"
"117","ANTIGO",162.2418,"rse","2017"
"118","BADGER",198.3075,"rse","2017"
"119","BETAGENE",213.1207,"rse","2017"
"120","COLT",178.5388,"rse","2017"
"121","CS_CAMDEN",198.7892,"rse","2017"
"122","DEON",228.7507,"rse","2017"
"123","ESKER",178.9356,"rse","2017"
"124","GOLIATH",174.8304,"rse","2017"
"125","HAYDEN",233.1696,"rse","2017"
"126","HORSEPOWER",211.1998,"rse","2017"
"127","JURY",188.2635,"rse","2017"
"128","MN11139",201.1752,"rse","2017"
"129","MN11211",230.1443,"rse","2017"
"130","MNBT1020-1",224.4616,"rse","2017"
"131","MNBT1021-1",181.7168,"rse","2017"
"132","MNBT1021-2",168.2929,"rse","2017"
"133","NATTY",185.0512,"rse","2017"
"134","NEWBURG",202.8732,"rse","2017"
"135","REINS",181.5813,"rse","2017"
"136","ROCKFORD",204.3736,"rse","2017"
"137","RON",199.9285,"rse","2017"
"138","SABER",196.8806,"rse","2017"
"139","SD120296",200.0839,"rse","2017"
"140","SHELBY_427",182.0734,"rse","2017"
"141","SOURIS",193.1302,"rse","2017"
"142","STREAKER",140.4277,"rse","2017"
"143","SUMO",148.8023,"rse","2017"
"144","mean",192.857196296296,"rse","2017"
"145","lsd0.1",29.77572,"rse","2017"
"146","ANTIGO",109.8672,"fef","2017"
"147","BADGER",120.8243,"fef","2017"
"148","BETAGENE",115.938,"fef","2017"
"149","COLT",132.5218,"fef","2017"
"150","CS_CAMDEN",155.9167,"fef","2017"
"151","DEON",133.3579,"fef","2017"
"152","ESKER",139.6291,"fef","2017"
"153","GOLIATH",149.9942,"fef","2017"
"154","HAYDEN",154.5841,"fef","2017"
"155","HORSEPOWER",154.436,"fef","2017"
"156","JURY",147.6248,"fef","2017"
"157","MN11139",144.6634,"fef","2017"
"158","MN11211",144.9596,"fef","2017"
"159","MNBT1020-1",129.5604,"fef","2017"
"160","MNBT1021-1",140.6656,"fef","2017"
"161","MNBT1021-2",142.1463,"fef","2017"
"162","NATTY",134.5947,"fef","2017"
"163","NEWBURG",156.857,"fef","2017"
"164","REINS",101.1529,"fef","2017"
"165","ROCKFORD",158.7449,"fef","2017"
"166","RON",152.2149,"fef","2017"
"167","SABER",106.6097,"fef","2017"
"168","SD120296",146.1441,"fef","2017"
"169","SHELBY_427",134.2986,"fef","2017"
"170","SOURIS",161.0991,"fef","2017"
"171","STREAKER",37.1656,"fef","2017"
"172","SUMO",107.6462,"fef","2017"
"173","mean",133.822855555556,"fef","2017"
"174","lsd0.1",19.65936,"fef","2017"
"175","ANTIGO",165.245,"ste","2017"
"176","BADGER",177.8309,"ste","2017"
"177","BETAGENE",194.7108,"ste","2017"
"178","COLT",152.8072,"ste","2017"
"179","CS_CAMDEN",183.1104,"ste","2017"
"180","DEON",200.1893,"ste","2017"
"181","ESKER",189.8245,"ste","2017"
"182","GOLIATH",201.9661,"ste","2017"
"183","HAYDEN",215.1443,"ste","2017"
"184","HORSEPOWER",195.4511,"ste","2017"
"185","JURY",188.8286,"ste","2017"
"186","MN11139",196.4876,"ste","2017"
"187","MN11211",195.7472,"ste","2017"
"188","MNBT1020-1",176.3908,"ste","2017"
"189","MNBT1021-1",200.6335,"ste","2017"
"190","MNBT1021-2",179.4596,"ste","2017"
"191","NATTY",185.3188,"ste","2017"
"192","NEWBURG",197.2279,"ste","2017"
"193","REINS",159.7665,"ste","2017"
"194","ROCKFORD",188.788,"ste","2017"
"195","RON",203.766,"ste","2017"
"196","SABER",190.4168,"ste","2017"
"197","SD120296",182.8652,"ste","2017"
"198","SHELBY_427",165.245,"ste","2017"
"199","SOURIS",195.7472,"ste","2017"
"200","STREAKER",148.5606,"ste","2017"
"201","SUMO",129.5604,"ste","2017"
"202","mean",183.744048148148,"ste","2017"
"203","lsd0.1",14.0303,"ste","2017"
"204","ANTIGO",116.1736,"lec","2017"
"205","BADGER",136.9808,"lec","2017"
"206","BETAGENE",123.2427,"lec","2017"
"207","COLT",102.16,"lec","2017"
"208","CS_CAMDEN",145.1169,"lec","2017"
"209","DEON",126.4438,"lec","2017"
"210","ESKER",41.0809,"lec","2017"
"211","GOLIATH",106.7036,"lec","2017"
"212","HAYDEN",102.1687,"lec","2017"
"213","HORSEPOWER",79.3608,"lec","2017"
"214","JURY",105.6105,"lec","2017"
"215","MN11139",96.9466,"lec","2017"
"216","MN11211",148.0513,"lec","2017"
"217","MNBT1020-1",136.5719,"lec","2017"
"218","MNBT1021-1",121.7755,"lec","2017"
"219","MNBT1021-2",148.5848,"lec","2017"
"220","NATTY",110.4382,"lec","2017"
"221","NEWBURG",116.1736,"lec","2017"
"222","REINS",147.6134,"lec","2017"
"223","ROCKFORD",65.7561,"lec","2017"
"224","RON",133.9087,"lec","2017"
"225","SABER",130.8453,"lec","2017"
"226","SD120296",137.2475,"lec","2017"
"227","SHELBY_427",104.1694,"lec","2017"
"228","SOURIS",57.9331,"lec","2017"
"229","STREAKER",39.8805,"lec","2017"
"230","SUMO",67.8902,"lec","2017"
"231","mean",109.215866666667,"lec","2017"
"232","lsd0.1",44.09288,"lec","2017"
"233","ANTIGO",52.1847,"kim","2017"
"234","BADGER",32.8447,"kim","2017"
"235","BETAGENE",60.5352,"kim","2017"
"236","COLT",27.4196,"kim","2017"
"237","CS_CAMDEN",48.5168,"kim","2017"
"238","DEON",40.7784,"kim","2017"
"239","ESKER",28.7951,"kim","2017"
"240","GOLIATH",35.5123,"kim","2017"
"241","HAYDEN",52.8516,"kim","2017"
"242","HORSEPOWER",37.3386,"kim","2017"
"243","JURY",35.1788,"kim","2017"
"244","MN11139",32.8447,"kim","2017"
"245","MN11211",59.6873,"kim","2017"
"246","MNBT1020-1",45.0156,"kim","2017"
"247","MNBT1021-1",64.1889,"kim","2017"
"248","MNBT1021-2",41.5144,"kim","2017"
"249","NATTY",41.3476,"kim","2017"
"250","NEWBURG",28.5099,"kim","2017"
"251","REINS",37.8464,"kim","2017"
"252","ROCKFORD",27.1761,"kim","2017"
"253","RON",44.182,"kim","2017"
"254","SABER",50.184,"kim","2017"
"255","SD120296",55.1858,"kim","2017"
"256","SHELBY_427",49.5171,"kim","2017"
"257","SOURIS",32.0111,"kim","2017"
"258","STREAKER",28.0097,"kim","2017"
"259","SUMO",24.084,"kim","2017"
"260","mean",41.2318666666667,"kim","2017"
"261","lsd0.1",20.33591,"kim","2017"
"262","ANTIGO",87.8638,"roc","2017"
"263","BADGER",52.8516,"roc","2017"
"264","BETAGENE",61.0211,"roc","2017"
"265","COLT",30.1317,"roc","2017"
"266","CS_CAMDEN",61.8547,"roc","2017"
"267","DEON",46.8496,"roc","2017"
"268","ESKER",84.0291,"roc","2017"
"269","GOLIATH",45.8492,"roc","2017"
"270","HAYDEN",28.1764,"roc","2017"
"271","HORSEPOWER",17.2634,"roc","2017"
"272","JURY",30.3438,"roc","2017"
"273","MN11139",92.8655,"roc","2017"
"274","MN11211",77.7636,"roc","2017"
"275","MNBT1020-1",128.2111,"roc","2017"
"276","MNBT1021-1",126.5438,"roc","2017"
"277","MNBT1021-2",123.8762,"roc","2017"
"278","NATTY",41.2813,"roc","2017"
"279","NEWBURG",35.8457,"roc","2017"
"280","REINS",75.8596,"roc","2017"
"281","ROCKFORD",18.173,"roc","2017"
"282","RON",85.2965,"roc","2017"
"283","SABER",44.0152,"roc","2017"
"284","SD120296",106.8234,"roc","2017"
"285","SHELBY_427",32.0111,"roc","2017"
"286","SOURIS",14.6717,"roc","2017"
"287","STREAKER",24.175,"roc","2017"
"288","SUMO",98.8676,"roc","2017"
"289","mean",61.9449888888889,"roc","2017"
"290","lsd0.1",16.43445,"roc","2017"
"291","ANTIGO",114.5057,"state","2017"
"292","BADGER",120.9221,"state","2017"
"293","BETAGENE",130.03,"state","2017"
"294","COLT",97.6044,"state","2017"
"295","CS_CAMDEN",134.1153,"state","2017"
"296","DEON",131.1765,"state","2017"
"297","ESKER",116.3271,"state","2017"
"298","GOLIATH",117.9689,"state","2017"
"299","HAYDEN",136.1111,"state","2017"
"300","HORSEPOWER",113.192,"state","2017"
"301","JURY",119.6953,"state","2017"
"302","MN11139",129.1461,"state","2017"
"303","MN11211",134.2259,"state","2017"
"304","MNBT1020-1",139.2373,"state","2017"
"305","MNBT1021-1",141.107,"state","2017"
"306","MNBT1021-2",128.7417,"state","2017"
"307","NATTY",118.7606,"state","2017"
"308","NEWBURG",120.2254,"state","2017"
"309","REINS",117.8634,"state","2017"
"310","ROCKFORD",113.4669,"state","2017"
"311","RON",135.7122,"state","2017"
"312","SABER",127.7885,"state","2017"
"313","SD120296",130.586,"state","2017"
"314","SHELBY_427",111.0542,"state","2017"
"315","SOURIS",109.7249,"state","2017"
"316","STREAKER",80.8578,"state","2017"
"317","SUMO",98.1825,"state","2017"
"318","mean",121.049214814815,"state","2017"
"319","lsd0.1",21.69893,"state","2017"
"320","BADGER",140.0412,"crk","2017_2016"
"321","BETAGENE",153.1948,"crk","2017_2016"
"322","COLT",120.3411,"crk","2017_2016"
"323","CS_CAMDEN",141.5038,"crk","2017_2016"
"324","DEON",148.5477,"crk","2017_2016"
"325","ESKER",147.9237,"crk","2017_2016"
"326","GOLIATH",145.1213,"crk","2017_2016"
"327","HAYDEN",166.889,"crk","2017_2016"
"328","HORSEPOWER",146.1103,"crk","2017_2016"
"329","JURY",151.025,"crk","2017_2016"
"330","MN11139",144.6437,"crk","2017_2016"
"331","MN11211",140.9107,"crk","2017_2016"
"332","MNBT1020-1",158.4804,"crk","2017_2016"
"333","MNBT1021-1",159.5457,"crk","2017_2016"
"334","MNBT1021-2",143.2962,"crk","2017_2016"
"335","NATTY",153.6634,"crk","2017_2016"
"336","NEWBURG",148.7027,"crk","2017_2016"
"337","REINS",149.0744,"crk","2017_2016"
"338","ROCKFORD",144.9631,"crk","2017_2016"
"339","RON",148.2845,"crk","2017_2016"
"340","SABER",156.9099,"crk","2017_2016"
"341","SHELBY_427",139.0343,"crk","2017_2016"
"342","SOURIS",149.7679,"crk","2017_2016"
"343","STREAKER",122.4782,"crk","2017_2016"
"344","mean",146.685541666667,"crk","2017_2016"
"345","lsd0.1",15.2736,"crk","2017_2016"
"346","BADGER",126.1325,"lam","2017_2016"
"347","BETAGENE",145.5715,"lam","2017_2016"
"348","COLT",110.0967,"lam","2017_2016"
"349","CS_CAMDEN",147.9,"lam","2017_2016"
"350","DEON",169.091,"lam","2017_2016"
"351","ESKER",142.7865,"lam","2017_2016"
"352","GOLIATH",140.6328,"lam","2017_2016"
"353","HAYDEN",149.6682,"lam","2017_2016"
"354","HORSEPOWER",120.5512,"lam","2017_2016"
"355","JURY",140.8517,"lam","2017_2016"
"356","MN11139",162.2576,"lam","2017_2016"
"357","MN11211",152.323,"lam","2017_2016"
"358","MNBT1020-1",170.7789,"lam","2017_2016"
"359","MNBT1021-1",152.6008,"lam","2017_2016"
"360","MNBT1021-2",146.9515,"lam","2017_2016"
"361","NATTY",143.1789,"lam","2017_2016"
"362","NEWBURG",141.7442,"lam","2017_2016"
"363","REINS",128.9734,"lam","2017_2016"
"364","ROCKFORD",128.4284,"lam","2017_2016"
"365","RON",151.094,"lam","2017_2016"
"366","SABER",157.331,"lam","2017_2016"
"367","SHELBY_427",125.2109,"lam","2017_2016"
"368","SOURIS",127.7432,"lam","2017_2016"
"369","STREAKER",113.2879,"lam","2017_2016"
"370","mean",141.466075,"lam","2017_2016"
"371","lsd0.1",14.67944,"lam","2017_2016"
"372","BADGER",154.132,"lec","2017_2016"
"373","BETAGENE",140.8663,"lec","2017_2016"
"374","COLT",131.4728,"lec","2017_2016"
"375","CS_CAMDEN",155.5935,"lec","2017_2016"
"376","DEON",147.4436,"lec","2017_2016"
"377","ESKER",111.7488,"lec","2017_2016"
"378","GOLIATH",132.8935,"lec","2017_2016"
"379","HAYDEN",144.2494,"lec","2017_2016"
"380","HORSEPOWER",128.2821,"lec","2017_2016"
"381","JURY",133.3045,"lec","2017_2016"
"382","MN11139",120.1941,"lec","2017_2016"
"383","MN11211",161.179,"lec","2017_2016"
"384","MNBT1020-1",144.8325,"lec","2017_2016"
"385","MNBT1021-1",145.9977,"lec","2017_2016"
"386","MNBT1021-2",156.0249,"lec","2017_2016"
"387","NATTY",140.3858,"lec","2017_2016"
"388","NEWBURG",142.4251,"lec","2017_2016"
"389","REINS",157.8513,"lec","2017_2016"
"390","ROCKFORD",113.4264,"lec","2017_2016"
"391","RON",153.9075,"lec","2017_2016"
"392","SABER",156.1576,"lec","2017_2016"
"393","SHELBY_427",136.128,"lec","2017_2016"
"394","SOURIS",114.1606,"lec","2017_2016"
"395","STREAKER",69.8086,"lec","2017_2016"
"396","mean",137.186066666667,"lec","2017_2016"
"397","lsd0.1",25.65915,"lec","2017_2016"
"398","BADGER",173.6091,"rse","2017_2016"
"399","BETAGENE",183.5515,"rse","2017_2016"
"400","COLT",161.2356,"rse","2017_2016"
"401","CS_CAMDEN",198.708,"rse","2017_2016"
"402","DEON",199.7472,"rse","2017_2016"
"403","ESKER",169.7604,"rse","2017_2016"
"404","GOLIATH",151.8663,"rse","2017_2016"
"405","HAYDEN",201.458,"rse","2017_2016"
"406","HORSEPOWER",189.5083,"rse","2017_2016"
"407","JURY",168.4434,"rse","2017_2016"
"408","MN11139",181.3552,"rse","2017_2016"
"409","MN11211",207.6671,"rse","2017_2016"
"410","MNBT1020-1",204.6415,"rse","2017_2016"
"411","MNBT1021-1",170.6614,"rse","2017_2016"
"412","MNBT1021-2",151.5515,"rse","2017_2016"
"413","NATTY",181.7122,"rse","2017_2016"
"414","NEWBURG",159.2862,"rse","2017_2016"
"415","REINS",176.364,"rse","2017_2016"
"416","ROCKFORD",171.4451,"rse","2017_2016"
"417","RON",169.5554,"rse","2017_2016"
"418","SABER",176.2804,"rse","2017_2016"
"419","SHELBY_427",165.406,"rse","2017_2016"
"420","SOURIS",177.977,"rse","2017_2016"
"421","STREAKER",120.6076,"rse","2017_2016"
"422","mean",175.5166,"rse","2017_2016"
"423","lsd0.1",27.35494,"rse","2017_2016"
"424","BADGER",148.7338,"ste","2017_2016"
"425","BETAGENE",152.1387,"ste","2017_2016"
"426","COLT",119.9353,"ste","2017_2016"
"427","CS_CAMDEN",138.2511,"ste","2017_2016"
"428","DEON",173.0047,"ste","2017_2016"
"429","ESKER",151.8306,"ste","2017_2016"
"430","GOLIATH",164.8297,"ste","2017_2016"
"431","HAYDEN",161.7055,"ste","2017_2016"
"432","HORSEPOWER",148.3639,"ste","2017_2016"
"433","JURY",156.0108,"ste","2017_2016"
"434","MN11139",152.0221,"ste","2017_2016"
"435","MN11211",162.9036,"ste","2017_2016"
"436","MNBT1020-1",149.2082,"ste","2017_2016"
"437","MNBT1021-1",162.3868,"ste","2017_2016"
"438","MNBT1021-2",149.7565,"ste","2017_2016"
"439","NATTY",147.9774,"ste","2017_2016"
"440","NEWBURG",158.9656,"ste","2017_2016"
"441","REINS",125.0732,"ste","2017_2016"
"442","ROCKFORD",148.469,"ste","2017_2016"
"443","RON",160.8543,"ste","2017_2016"
"444","SABER",147.4978,"ste","2017_2016"
"445","SHELBY_427",130.5502,"ste","2017_2016"
"446","SOURIS",152.5703,"ste","2017_2016"
"447","STREAKER",112.3321,"ste","2017_2016"
"448","mean",148.9738,"ste","2017_2016"
"449","lsd0.1",11.68464,"ste","2017_2016"
"450","BADGER",114.5523,"was","2017_2016"
"451","BETAGENE",117.326,"was","2017_2016"
"452","COLT",100.2332,"was","2017_2016"
"453","CS_CAMDEN",111.3763,"was","2017_2016"
"454","DEON",111.9156,"was","2017_2016"
"455","ESKER",124.0054,"was","2017_2016"
"456","GOLIATH",115.8074,"was","2017_2016"
"457","HAYDEN",110.4276,"was","2017_2016"
"458","HORSEPOWER",86.5916,"was","2017_2016"
"459","JURY",98.2757,"was","2017_2016"
"460","MN11139",112.719,"was","2017_2016"
"461","MN11211",133.3678,"was","2017_2016"
"462","MNBT1020-1",134.2121,"was","2017_2016"
"463","MNBT1021-1",135.9384,"was","2017_2016"
"464","MNBT1021-2",135.0581,"was","2017_2016"
"465","NATTY",125.6405,"was","2017_2016"
"466","NEWBURG",91.5272,"was","2017_2016"
"467","REINS",121.8382,"was","2017_2016"
"468","ROCKFORD",75.506,"was","2017_2016"
"469","RON",124.3412,"was","2017_2016"
"470","SABER",129.1447,"was","2017_2016"
"471","SHELBY_427",101.9218,"was","2017_2016"
"472","SOURIS",81.9081,"was","2017_2016"
"473","STREAKER",74.5989,"was","2017_2016"
"474","mean",111.176379166667,"was","2017_2016"
"475","lsd0.1",11.58378,"was","2017_2016"
"476","BADGER",142.9305,"state","2017_2016"
"477","BETAGENE",148.7217,"state","2017_2016"
"478","COLT",124.1358,"state","2017_2016"
"479","CS_CAMDEN",148.8109,"state","2017_2016"
"480","DEON",158.073,"state","2017_2016"
"481","ESKER",141.3426,"state","2017_2016"
"482","GOLIATH",143.2623,"state","2017_2016"
"483","HAYDEN",155.8812,"state","2017_2016"
"484","HORSEPOWER",135.4463,"state","2017_2016"
"485","JURY",142.0008,"state","2017_2016"
"486","MN11139",145.3551,"state","2017_2016"
"487","MN11211",159.7252,"state","2017_2016"
"488","MNBT1020-1",159.4131,"state","2017_2016"
"489","MNBT1021-1",155.59,"state","2017_2016"
"490","MNBT1021-2",148.8359,"state","2017_2016"
"491","NATTY",148.7597,"state","2017_2016"
"492","NEWBURG",140.8693,"state","2017_2016"
"493","REINS",143.1957,"state","2017_2016"
"494","ROCKFORD",130.373,"state","2017_2016"
"495","RON",151.7848,"state","2017_2016"
"496","SABER",154.3713,"state","2017_2016"
"497","SHELBY_427",133.3787,"state","2017_2016"
"498","SOURIS",133.4265,"state","2017_2016"
"499","STREAKER",103.5907,"state","2017_2016"
"500","mean",143.719754166667,"state","2017_2016"
"501","lsd0.1",8.06107,"state","2017_2016"
"502","BADGER",140.6079,"crk","2017_2015"
"503","BETAGENE",163.4508,"crk","2017_2015"
"504","COLT",143.9617,"crk","2017_2015"
"505","DEON",142.8698,"crk","2017_2015"
"506","ESKER",152.3949,"crk","2017_2015"
"507","GOLIATH",145.3957,"crk","2017_2015"
"508","HAYDEN",176.9203,"crk","2017_2015"
"509","HORSEPOWER",160.6584,"crk","2017_2015"
"510","JURY",160.1811,"crk","2017_2015"
"511","MN11139",153.7787,"crk","2017_2015"
"512","MN11211",156.2879,"crk","2017_2015"
"513","MNBT1020-1",165.7269,"crk","2017_2015"
"514","MNBT1021-1",140.4747,"crk","2017_2015"
"515","NATTY",151.8296,"crk","2017_2015"
"516","NEWBURG",159.0155,"crk","2017_2015"
"517","ROCKFORD",138.9367,"crk","2017_2015"
"518","RON",156.3265,"crk","2017_2015"
"519","SABER",148.4347,"crk","2017_2015"
"520","SHELBY_427",154.5205,"crk","2017_2015"
"521","SOURIS",155.28,"crk","2017_2015"
"522","mean",153.352615,"crk","2017_2015"
"523","lsd0.1",14.09068,"crk","2017_2015"
"524","BADGER",124.833,"lam","2017_2015"
"525","BETAGENE",182.7115,"lam","2017_2015"
"526","COLT",121.7046,"lam","2017_2015"
"527","DEON",204.6419,"lam","2017_2015"
"528","ESKER",166.4902,"lam","2017_2015"
"529","GOLIATH",145.837,"lam","2017_2015"
"530","HAYDEN",158.2144,"lam","2017_2015"
"531","HORSEPOWER",127.5042,"lam","2017_2015"
"532","JURY",152.5649,"lam","2017_2015"
"533","MN11139",178.4891,"lam","2017_2015"
"534","MN11211",188.2618,"lam","2017_2015"
"535","MNBT1020-1",185.5397,"lam","2017_2015"
"536","MNBT1021-1",195.1537,"lam","2017_2015"
"537","NATTY",155.7376,"lam","2017_2015"
"538","NEWBURG",145.552,"lam","2017_2015"
"539","ROCKFORD",133.9504,"lam","2017_2015"
"540","RON",168.7518,"lam","2017_2015"
"541","SABER",150.3923,"lam","2017_2015"
"542","SHELBY_427",129.0312,"lam","2017_2015"
"543","SOURIS",119.7149,"lam","2017_2015"
"544","mean",156.75381,"lam","2017_2015"
"545","lsd0.1",21.93549,"lam","2017_2015"
"546","BADGER",107.4244,"mos","2017_2015"
"547","BETAGENE",140.632,"mos","2017_2015"
"548","COLT",66.8543,"mos","2017_2015"
"549","DEON",141.8043,"mos","2017_2015"
"550","ESKER",111.4428,"mos","2017_2015"
"551","GOLIATH",89.724,"mos","2017_2015"
"552","HAYDEN",128.4106,"mos","2017_2015"
"553","HORSEPOWER",107.6868,"mos","2017_2015"
"554","JURY",115.9222,"mos","2017_2015"
"555","MN11139",137.7069,"mos","2017_2015"
"556","MN11211",124.7311,"mos","2017_2015"
"557","MNBT1020-1",128.5447,"mos","2017_2015"
"558","MNBT1021-1",139.5614,"mos","2017_2015"
"559","NATTY",111.2167,"mos","2017_2015"
"560","NEWBURG",119.7122,"mos","2017_2015"
"561","ROCKFORD",119.2473,"mos","2017_2015"
"562","RON",139.0195,"mos","2017_2015"
"563","SABER",138.8126,"mos","2017_2015"
"564","SHELBY_427",120.749,"mos","2017_2015"
"565","SOURIS",106.5032,"mos","2017_2015"
"566","mean",119.7853,"mos","2017_2015"
"567","lsd0.1",20.46861,"mos","2017_2015"
"568","BADGER",154.111,"ste","2017_2015"
"569","BETAGENE",174.2079,"ste","2017_2015"
"570","COLT",131.1873,"ste","2017_2015"
"571","DEON",182.231,"ste","2017_2015"
"572","ESKER",165.8462,"ste","2017_2015"
"573","GOLIATH",171.5267,"ste","2017_2015"
"574","HAYDEN",177.9414,"ste","2017_2015"
"575","HORSEPOWER",180.5874,"ste","2017_2015"
"576","JURY",165.7071,"ste","2017_2015"
"577","MN11139",176.7448,"ste","2017_2015"
"578","MN11211",190.7686,"ste","2017_2015"
"579","MNBT1020-1",170.306,"ste","2017_2015"
"580","MNBT1021-1",188.9309,"ste","2017_2015"
"581","NATTY",173.6951,"ste","2017_2015"
"582","NEWBURG",168.8396,"ste","2017_2015"
"583","ROCKFORD",157.2273,"ste","2017_2015"
"584","RON",171.514,"ste","2017_2015"
"585","SABER",168.8393,"ste","2017_2015"
"586","SHELBY_427",158.6863,"ste","2017_2015"
"587","SOURIS",173.5557,"ste","2017_2015"
"588","mean",170.12268,"ste","2017_2015"
"589","lsd0.1",15.8735,"ste","2017_2015"
"590","BADGER",83.6102,"was","2017_2015"
"591","BETAGENE",82.6295,"was","2017_2015"
"592","COLT",73.2183,"was","2017_2015"
"593","DEON",81.1296,"was","2017_2015"
"594","ESKER",101.5222,"was","2017_2015"
"595","GOLIATH",78.1554,"was","2017_2015"
"596","HAYDEN",73.0168,"was","2017_2015"
"597","HORSEPOWER",60.0171,"was","2017_2015"
"598","JURY",58.4655,"was","2017_2015"
"599","MN11139",89.8278,"was","2017_2015"
"600","MN11211",99.8804,"was","2017_2015"
"601","MNBT1020-1",101.7054,"was","2017_2015"
"602","MNBT1021-1",96.3914,"was","2017_2015"
"603","NATTY",86.9002,"was","2017_2015"
"604","NEWBURG",59.6307,"was","2017_2015"
"605","ROCKFORD",49.9345,"was","2017_2015"
"606","RON",87.5806,"was","2017_2015"
"607","SABER",87.7039,"was","2017_2015"
"608","SHELBY_427",70.3992,"was","2017_2015"
"609","SOURIS",60.2119,"was","2017_2015"
"610","mean",79.09653,"was","2017_2015"
"611","lsd0.1",12.3427,"was","2017_2015"
"612","BADGER",171.4456,"crk","2016_2015"
"613","BETAGENE",195.2713,"crk","2016_2015"
"614","COLT",162.4352,"crk","2016_2015"
"615","DEON",178.3794,"crk","2016_2015"
"616","ESKER",186.2802,"crk","2016_2015"
"617","GOLIATH",186.8153,"crk","2016_2015"
"618","HAYDEN",221.6015,"crk","2016_2015"
"619","HORSEPOWER",193.5638,"crk","2016_2015"
"620","JURY",196.5061,"crk","2016_2015"
"621","MN11139",188.552,"crk","2016_2015"
"622","MN11140",190.4215,"crk","2016_2015"
"623","MN11211",182.8268,"crk","2016_2015"
"624","MN11231",177.2048,"crk","2016_2015"
"625","MNBT1020-1",208.835,"crk","2016_2015"
"626","MNBT1021-1",193.151,"crk","2016_2015"
"627","NATTY",187.2865,"crk","2016_2015"
"628","NEWBURG",198.0145,"crk","2016_2015"
"629","ROCKFORD",180.3649,"crk","2016_2015"
"630","RON",187.4048,"crk","2016_2015"
"631","SABER",200.4759,"crk","2016_2015"
"632","SHELBY_427",181.6838,"crk","2016_2015"
"633","SOURIS",193.5103,"crk","2016_2015"
"634","mean",189.183190909091,"crk","2016_2015"
"635","lsd0.1",17.74573,"crk","2016_2015"
"636","BADGER",116.5572,"lam","2016_2015"
"637","BETAGENE",169.0767,"lam","2016_2015"
"638","COLT",109.0735,"lam","2016_2015"
"639","DEON",185.8075,"lam","2016_2015"
"640","ESKER",152.8336,"lam","2016_2015"
"641","GOLIATH",136.5875,"lam","2016_2015"
"642","HAYDEN",143.3038,"lam","2016_2015"
"643","HORSEPOWER",109.493,"lam","2016_2015"
"644","JURY",147.0965,"lam","2016_2015"
"645","MN11139",173.5614,"lam","2016_2015"
"646","MN11140",157.0864,"lam","2016_2015"
"647","MN11211",188.3372,"lam","2016_2015"
"648","MN11231",189.2579,"lam","2016_2015"
"649","MNBT1020-1",185.7008,"lam","2016_2015"
"650","MNBT1021-1",176.8769,"lam","2016_2015"
"651","NATTY",153.8319,"lam","2016_2015"
"652","NEWBURG",141.5078,"lam","2016_2015"
"653","ROCKFORD",112.8686,"lam","2016_2015"
"654","RON",173.9878,"lam","2016_2015"
"655","SABER",146.9814,"lam","2016_2015"
"656","SHELBY_427",127.5337,"lam","2016_2015"
"657","SOURIS",105.045,"lam","2016_2015"
"658","mean",150.109368181818,"lam","2016_2015"
"659","lsd0.1",21.412,"lam","2016_2015"
"660","BADGER",125.0139,"ste","2016_2015"
"661","BETAGENE",131.6359,"ste","2016_2015"
"662","COLT",98.3154,"ste","2016_2015"
"663","DEON",155.0464,"ste","2016_2015"
"664","ESKER",127.8523,"ste","2016_2015"
"665","GOLIATH",134.3903,"ste","2016_2015"
"666","HAYDEN",124.5025,"ste","2016_2015"
"667","HORSEPOWER",133.5002,"ste","2016_2015"
"668","JURY",133.5963,"ste","2016_2015"
"669","MN11139",132.2794,"ste","2016_2015"
"670","MN11140",137.2437,"ste","2016_2015"
"671","MN11211",157.925,"ste","2016_2015"
"672","MN11231",138.3705,"ste","2016_2015"
"673","MNBT1020-1",141.0911,"ste","2016_2015"
"674","MNBT1021-1",150.6842,"ste","2016_2015"
"675","NATTY",139.5477,"ste","2016_2015"
"676","NEWBURG",130.5773,"ste","2016_2015"
"677","ROCKFORD",116.9083,"ste","2016_2015"
"678","RON",126.6264,"ste","2016_2015"
"679","SABER",125.5073,"ste","2016_2015"
"680","SHELBY_427",126.6348,"ste","2016_2015"
"681","SOURIS",130.3788,"ste","2016_2015"
"682","mean",132.619440909091,"ste","2016_2015"
"683","lsd0.1",15.25661,"ste","2016_2015"
"684","BADGER",83.9314,"was","2016_2015"
"685","BETAGENE",88.2502,"was","2016_2015"
"686","COLT",68.4151,"was","2016_2015"
"687","DEON",93.0106,"was","2016_2015"
"688","ESKER",107.4868,"was","2016_2015"
"689","GOLIATH",74.2547,"was","2016_2015"
"690","HAYDEN",75.0007,"was","2016_2015"
"691","HORSEPOWER",70.2489,"was","2016_2015"
"692","JURY",75.8798,"was","2016_2015"
"693","MN11139",83.3389,"was","2016_2015"
"694","MN11140",94.6537,"was","2016_2015"
"695","MN11211",111.2059,"was","2016_2015"
"696","MN11231",88.42,"was","2016_2015"
"697","MNBT1020-1",118.0433,"was","2016_2015"
"698","MNBT1021-1",97.1163,"was","2016_2015"
"699","NATTY",93.9997,"was","2016_2015"
"700","NEWBURG",70.8802,"was","2016_2015"
"701","ROCKFORD",52.0818,"was","2016_2015"
"702","RON",89.2127,"was","2016_2015"
"703","SABER",97.3357,"was","2016_2015"
"704","SHELBY_427",85.0407,"was","2016_2015"
"705","SOURIS",57.0906,"was","2016_2015"
"706","mean",85.2226227272727,"was","2016_2015"
"707","lsd0.1",11.36629,"was","2016_2015"
"708","BADGER",150.6982,"crk","2017_2016_2015"
"709","BETAGENE",170.639,"crk","2017_2016_2015"
"710","COLT",142.246,"crk","2017_2016_2015"
"711","DEON",156.5989,"crk","2017_2016_2015"
"712","ESKER",162.1996,"crk","2017_2016_2015"
"713","GOLIATH",159.1107,"crk","2017_2016_2015"
"714","HAYDEN",188.4703,"crk","2017_2016_2015"
"715","HORSEPOWER",166.7775,"crk","2017_2016_2015"
"716","JURY",169.2453,"crk","2017_2016_2015"
"717","MN11139",162.3248,"crk","2017_2016_2015"
"718","MN11211",160.0085,"crk","2017_2016_2015"
"719","MNBT1020-1",177.6808,"crk","2017_2016_2015"
"720","MNBT1021-1",164.3905,"crk","2017_2016_2015"
"721","NATTY",164.2598,"crk","2017_2016_2015"
"722","NEWBURG",168.5776,"crk","2017_2016_2015"
"723","ROCKFORD",154.7549,"crk","2017_2016_2015"
"724","RON",164.0053,"crk","2017_2016_2015"
"725","SABER",168.6068,"crk","2017_2016_2015"
"726","SHELBY_427",158.4129,"crk","2017_2016_2015"
"727","SOURIS",166.1861,"crk","2017_2016_2015"
"728","mean",163.759675,"crk","2017_2016_2015"
"729","lsd0.1",12.55085,"crk","2017_2016_2015"
"730","BADGER",122.5076,"lam","2017_2016_2015"
"731","BETAGENE",165.7866,"lam","2017_2016_2015"
"732","COLT",113.8896,"lam","2017_2016_2015"
"733","DEON",186.5135,"lam","2017_2016_2015"
"734","ESKER",154.0368,"lam","2017_2016_2015"
"735","GOLIATH",141.0191,"lam","2017_2016_2015"
"736","HAYDEN",150.3021,"lam","2017_2016_2015"
"737","HORSEPOWER",119.1828,"lam","2017_2016_2015"
"738","JURY",146.8377,"lam","2017_2016_2015"
"739","MN11139",171.436,"lam","2017_2016_2015"
"740","MN11211",176.3073,"lam","2017_2016_2015"
"741","MNBT1020-1",180.6731,"lam","2017_2016_2015"
"742","MNBT1021-1",175.1053,"lam","2017_2016_2015"
"743","NATTY",150.9162,"lam","2017_2016_2015"
"744","NEWBURG",142.9347,"lam","2017_2016_2015"
"745","ROCKFORD",125.0825,"lam","2017_2016_2015"
"746","RON",164.6112,"lam","2017_2016_2015"
"747","SABER",151.5682,"lam","2017_2016_2015"
"748","SHELBY_427",127.2586,"lam","2017_2016_2015"
"749","SOURIS",117.5011,"lam","2017_2016_2015"
"750","mean",149.1735,"lam","2017_2016_2015"
"751","lsd0.1",16.63837,"lam","2017_2016_2015"
"752","BADGER",142.6196,"ste","2017_2016_2015"
"753","BETAGENE",152.6608,"ste","2017_2016_2015"
"754","COLT",116.4793,"ste","2017_2016_2015"
"755","DEON",170.094,"ste","2017_2016_2015"
"756","ESKER",148.5097,"ste","2017_2016_2015"
"757","GOLIATH",156.9155,"ste","2017_2016_2015"
"758","HAYDEN",154.7165,"ste","2017_2016_2015"
"759","HORSEPOWER",154.1505,"ste","2017_2016_2015"
"760","JURY",151.7714,"ste","2017_2016_2015"
"761","MN11139",153.6821,"ste","2017_2016_2015"
"762","MN11211",170.5324,"ste","2017_2016_2015"
"763","MNBT1020-1",153.5351,"ste","2017_2016_2015"
"764","MNBT1021-1",167.334,"ste","2017_2016_2015"
"765","NATTY",153.7401,"ste","2017_2016_2015"
"766","NEWBURG",152.7942,"ste","2017_2016_2015"
"767","ROCKFORD",140.8682,"ste","2017_2016_2015"
"768","RON",152.9983,"ste","2017_2016_2015"
"769","SABER",147.4288,"ste","2017_2016_2015"
"770","SHELBY_427",138.7242,"ste","2017_2016_2015"
"771","SOURIS",152.1683,"ste","2017_2016_2015"
"772","mean",151.58615,"ste","2017_2016_2015"
"773","lsd0.1",12.1368,"ste","2017_2016_2015"
"774","BADGER",93.6809,"was","2017_2016_2015"
"775","BETAGENE",96.0686,"was","2017_2016_2015"
"776","COLT",80.6222,"was","2017_2016_2015"
"777","DEON",95.352,"was","2017_2016_2015"
"778","ESKER",111.0048,"was","2017_2016_2015"
"779","GOLIATH",89.4058,"was","2017_2016_2015"
"780","HAYDEN",85.7325,"was","2017_2016_2015"
"781","HORSEPOWER",72.2859,"was","2017_2016_2015"
"782","JURY",77.5403,"was","2017_2016_2015"
"783","MN11139",95.2952,"was","2017_2016_2015"
"784","MN11211",114.818,"was","2017_2016_2015"
"785","MNBT1020-1",117.9869,"was","2017_2016_2015"
"786","MNBT1021-1",109.8154,"was","2017_2016_2015"
"787","NATTY",102.1802,"was","2017_2016_2015"
"788","NEWBURG",74.0127,"was","2017_2016_2015"
"789","ROCKFORD",59.1741,"was","2017_2016_2015"
"790","RON",100.3782,"was","2017_2016_2015"
"791","SABER",104.5469,"was","2017_2016_2015"
"792","SHELBY_427",85.7872,"was","2017_2016_2015"
"793","SOURIS",66.4035,"was","2017_2016_2015"
"794","mean",91.604565,"was","2017_2016_2015"
"795","lsd0.1",9.84771,"was","2017_2016_2015"
"796","BADGER",126.9661,"state","2017_2016_2015"
"797","BETAGENE",146.2887,"state","2017_2016_2015"
"798","COLT",113.5976,"state","2017_2016_2015"
"799","DEON",152.1396,"state","2017_2016_2015"
"800","ESKER",143.9377,"state","2017_2016_2015"
"801","GOLIATH",136.6128,"state","2017_2016_2015"
"802","HAYDEN",145.2741,"state","2017_2016_2015"
"803","HORSEPOWER",128.0992,"state","2017_2016_2015"
"804","JURY",136.103,"state","2017_2016_2015"
"805","MN11139",145.6845,"state","2017_2016_2015"
"806","MN11211",155.4166,"state","2017_2016_2015"
"807","MNBT1020-1",157.469,"state","2017_2016_2015"
"808","MNBT1021-1",153.8362,"state","2017_2016_2015"
"809","NATTY",142.7741,"state","2017_2016_2015"
"810","NEWBURG",134.5798,"state","2017_2016_2015"
"811","ROCKFORD",119.9699,"state","2017_2016_2015"
"812","RON",145.4982,"state","2017_2016_2015"
"813","SABER",143.0093,"state","2017_2016_2015"
"814","SHELBY_427",127.5875,"state","2017_2016_2015"
"815","SOURIS",125.5647,"state","2017_2016_2015"
"816","mean",139.02043,"state","2017_2016_2015"
"817","lsd0.1",7.39969,"state","2017_2016_2015"
